input_type,kernel,cross_time,cross_val_score
images,linear,0.2745875127848251,0.10968864468864467
features,linear,0.0691905705352406,0.06866300366300367
images,poly_2,0.17179867633533127,0.11371794871794871
features,poly_2,0.05641827911247701,0.09679487179487181
images,poly_3,0.18140560540087494,0.11525641025641024
features,poly_3,0.04893948556739332,0.10959706959706961
