input_type,criterion,cross_time,cross_val_score
images,entropy,0.01982560275238512,0.056373626373626376
features,entropy,0.0026317779004792156,0.10247252747252747
images,gini,0.021627957292528817,0.0694871794871795
features,gini,0.0013450922197474665,0.10217948717948719
images,log_loss,0.020044237178760572,0.055622710622710625
features,log_loss,0.00265611883921501,0.10212454212454214
