input_type,k,cross_time,cross_val_score
images,30,0.005857934170153551,0.0614102564102564
features,30,0.0016686935258872343,0.10102564102564102
images,40,0.005289848147731124,0.061208791208791205
features,40,0.002048071657781636,0.09879120879120878
